repository,path,owner,registered_on_kengalearn,planning_group,signals,review_requirement
framework,app/classes/core/customexception_class_inc.php,framework-core,not registered or not a module,shared core / packaging,mdb2_symbol,Candidate: inspect actual object type and reachability before changing
framework,app/classes/core/dbtable_class_inc.php,framework-core,not registered or not a module,shared core / packaging,connection_access;driver_state;mdb2_result_or_schema;mdb2_symbol;raw_connection_member,Candidate: inspect actual object type and reachability before changing
framework,app/classes/core/dbtablemanager_class_inc.php,framework-core,not registered or not a module,shared core / packaging,connection_access;driver_state;mdb2_result_or_schema;mdb2_symbol;raw_connection_member,Candidate: inspect actual object type and reachability before changing
framework,app/classes/core/engine_class_inc.php,framework-core,not registered or not a module,shared core / packaging,connection_access;driver_state;global_connection;mdb2_result_or_schema;mdb2_symbol;raw_connection_member,Candidate: inspect actual object type and reachability before changing
framework,app/core_modules/abuseprotection/classes/abuseprotectionprovider_class_inc.php,abuseprotection,yes,authentication and permissions,connection_access;native_mdb2_bridge,Candidate: inspect actual object type and reachability before changing
framework,app/core_modules/abuseprotection/classes/mdb2abuseeventrepository.php,abuseprotection,yes,authentication and permissions,mdb2_result_or_schema;mdb2_symbol;native_mdb2_bridge;raw_connection_member,Candidate: inspect actual object type and reachability before changing
framework,app/core_modules/classification/classes/classificationstore_class_inc.php,classification,not registered or not a module,module connection/quoting review,connection_access,Candidate: inspect actual object type and reachability before changing
framework,app/core_modules/config/classes/altconfig_class_inc.php,config,yes,module connection/quoting review,mdb2_symbol,Candidate: inspect actual object type and reachability before changing
framework,app/core_modules/context/classes/newestops_class_inc.php,context,yes,module connection/quoting review,raw_connection_member,Candidate: inspect actual object type and reachability before changing
framework,app/core_modules/language/classes/translationstore_class_inc.php,language,yes,translation transactions and locks,connection_access;driver_state;mdb2_result_or_schema;mdb2_symbol;raw_connection_member,Candidate: inspect actual object type and reachability before changing
framework,app/core_modules/login/classes/nonce_class_inc.php,login,not registered or not a module,module connection/quoting review,raw_connection_member,Candidate: inspect actual object type and reachability before changing
framework,app/core_modules/modulecatalogue/classes/modulesadmin_class_inc.php,modulecatalogue,yes,installation and schema,schema_subclass,Candidate: inspect actual object type and reachability before changing
framework,app/core_modules/modulecatalogue/classes/pofile_class_inc.php,modulecatalogue,yes,installation and schema,mdb2_result_or_schema,Candidate: inspect actual object type and reachability before changing
framework,app/core_modules/permissions/classes/permissions_acl_class_inc.php,permissions,yes,authentication and permissions,connection_access,Candidate: inspect actual object type and reachability before changing
framework,app/core_modules/security/classes/auth_database_class_inc.php,security,yes,authentication and permissions,connection_access;native_mdb2_bridge,Candidate: inspect actual object type and reachability before changing
framework,app/core_modules/security/classes/nativeauth/mdb2mfarepository.php,security,yes,authentication and permissions,mdb2_result_or_schema;mdb2_symbol;native_mdb2_bridge;raw_connection_member,Candidate: inspect actual object type and reachability before changing
framework,app/core_modules/security/classes/nativeauth/mdb2nativedatabaseadapter.php,security,yes,authentication and permissions,mdb2_result_or_schema;mdb2_symbol;native_mdb2_bridge;raw_connection_member,Candidate: inspect actual object type and reachability before changing
framework,app/core_modules/security/classes/nativeauth/mdb2persistentloginrepository.php,security,yes,authentication and permissions,mdb2_result_or_schema;mdb2_symbol;native_mdb2_bridge;raw_connection_member,Candidate: inspect actual object type and reachability before changing
framework,app/core_modules/security/classes/nativeauth/nativeauthwebcompositionfactory.php,security,yes,authentication and permissions,native_mdb2_bridge,Candidate: inspect actual object type and reachability before changing
framework,app/core_modules/security/classes/nativeauthwebcomposition_class_inc.php,security,yes,authentication and permissions,connection_access,Candidate: inspect actual object type and reachability before changing
framework,app/core_modules/toolbar/classes/dbmenu_class_inc.php,toolbar,yes,module connection/quoting review,connection_access;raw_connection_member,Candidate: inspect actual object type and reachability before changing
framework,app/installer/dbhandlers/dbhandler.inc,installer,not registered or not a module,installation and schema,driver_state;global_connection;mdb2_result_or_schema;mdb2_symbol;raw_connection_member,Candidate: inspect actual object type and reachability before changing
framework,app/installer/dbhandlers/dbhandlermanager.inc,installer,not registered or not a module,installation and schema,driver_state;mdb2_result_or_schema;mdb2_symbol;raw_connection_member,Candidate: inspect actual object type and reachability before changing
framework,app/installer/steps/databasedetails.inc,installer,not registered or not a module,installation and schema,mdb2_symbol,Candidate: inspect actual object type and reachability before changing
framework,app/installer/steps/versioncheck.inc,installer,not registered or not a module,installation and schema,mdb2_symbol,Candidate: inspect actual object type and reachability before changing
framework,package-config.php,framework-core,not registered or not a module,shared core / packaging,mdb2_symbol,Candidate: inspect actual object type and reachability before changing
modules,account-event-service/classes/accounteventservice_class_inc.php,account-event-service,yes,module connection/quoting review,connection_access,Candidate: inspect actual object type and reachability before changing
modules,announcements/classes/dbannouncements_class_inc.php,announcements,not registered or not a module,module connection/quoting review,connection_access,Candidate: inspect actual object type and reachability before changing
modules,audience/classes/audienceadmin_class_inc.php,audience,not registered or not a module,module connection/quoting review,connection_access;mdb2_symbol,Candidate: inspect actual object type and reachability before changing
modules,blog/classes/blogimporter_class_inc.php,blog,not registered or not a module,external database importer,mdb2_result_or_schema;mdb2_symbol;raw_connection_member,Candidate: inspect actual object type and reachability before changing
modules,certificate-service/classes/certificateservice_class_inc.php,certificate-service,yes,module connection/quoting review,connection_access;raw_connection_member,Candidate: inspect actual object type and reachability before changing
modules,comment/classes/commentinterface_class_inc.php,comment,not registered or not a module,module connection/quoting review,raw_connection_member,Candidate: inspect actual object type and reachability before changing
modules,commenttypeadmin/controller.php,commenttypeadmin,not registered or not a module,module connection/quoting review,raw_connection_member,Candidate: inspect actual object type and reachability before changing
modules,contactform/classes/contactstore_class_inc.php,contactform,not registered or not a module,explicit store / transaction review,connection_access;driver_state,Candidate: inspect actual object type and reachability before changing
modules,contactform/patches/installscripts_class_inc.php,contactform,not registered or not a module,installation and schema,connection_access;mdb2_result_or_schema;mdb2_symbol,Candidate: inspect actual object type and reachability before changing
modules,contentblocks/classes/contentblockbase_class_inc.php,contentblocks,yes,module connection/quoting review,raw_connection_member,Candidate: inspect actual object type and reachability before changing
modules,contentblocks/controller.php,contentblocks,yes,module connection/quoting review,raw_connection_member,Candidate: inspect actual object type and reachability before changing
modules,contextcontent/classes/db_contextcontent_activitystreamer_class_inc.php,contextcontent,yes,module connection/quoting review,connection_access;raw_connection_member,Candidate: inspect actual object type and reachability before changing
modules,contextcontent/classes/db_contextcontent_bookmarks_class_inc.php,contextcontent,yes,module connection/quoting review,connection_access;raw_connection_member,Candidate: inspect actual object type and reachability before changing
modules,contextcontent/classes/db_contextcontent_chaptercontent_class_inc.php,contextcontent,yes,module connection/quoting review,connection_access;raw_connection_member,Candidate: inspect actual object type and reachability before changing
modules,contextcontent/classes/db_contextcontent_order_class_inc.php,contextcontent,yes,module connection/quoting review,connection_access;raw_connection_member,Candidate: inspect actual object type and reachability before changing
modules,discussion/classes/dbdiscussionsubscriptions_class_inc.php,discussion,not registered or not a module,module connection/quoting review,connection_access,Candidate: inspect actual object type and reachability before changing
modules,discussion/classes/dbtopicsubscriptions_class_inc.php,discussion,not registered or not a module,module connection/quoting review,connection_access,Candidate: inspect actual object type and reachability before changing
modules,entitlement-service/classes/entitlementservice_class_inc.php,entitlement-service,yes,module connection/quoting review,connection_access,Candidate: inspect actual object type and reachability before changing
modules,events/classes/eventstore_class_inc.php,events,not registered or not a module,explicit store / transaction review,connection_access;driver_state;mdb2_result_or_schema;mdb2_symbol,Candidate: inspect actual object type and reachability before changing
modules,events/patches/installscripts_class_inc.php,events,not registered or not a module,installation and schema,connection_access;driver_state;mdb2_result_or_schema;mdb2_symbol,Candidate: inspect actual object type and reachability before changing
modules,faq26/classes/faq26service_class_inc.php,faq26,not registered or not a module,module connection/quoting review,raw_connection_member,Candidate: inspect actual object type and reachability before changing
modules,gradebook/patches/installscripts_class_inc.php,gradebook,yes,installation and schema,mdb2_symbol,Candidate: inspect actual object type and reachability before changing
modules,host-service/classes/hostservice_class_inc.php,host-service,not registered or not a module,explicit store / transaction review,connection_access;mdb2_result_or_schema;mdb2_symbol,Candidate: inspect actual object type and reachability before changing
modules,host-service/patches/installscripts_class_inc.php,host-service,not registered or not a module,installation and schema,connection_access;driver_state;mdb2_result_or_schema;mdb2_symbol,Candidate: inspect actual object type and reachability before changing
modules,ingestservice/classes/db_ingestservice_runs_class_inc.php,ingestservice,yes,module connection/quoting review,connection_access;raw_connection_member,Candidate: inspect actual object type and reachability before changing
modules,kanban/classes/dbkanbanaccess_class_inc.php,kanban,yes,module connection/quoting review,connection_access,Candidate: inspect actual object type and reachability before changing
modules,kanban/classes/dbkanbanboards_class_inc.php,kanban,yes,module connection/quoting review,connection_access,Candidate: inspect actual object type and reachability before changing
modules,kanban/classes/dbkanbansubtasks_class_inc.php,kanban,yes,module connection/quoting review,connection_access,Candidate: inspect actual object type and reachability before changing
modules,kanban/classes/dbkanbantasks_class_inc.php,kanban,yes,module connection/quoting review,connection_access,Candidate: inspect actual object type and reachability before changing
modules,knowledgemap/classes/dbknowledgemapaccess_class_inc.php,knowledgemap,yes,module connection/quoting review,connection_access,Candidate: inspect actual object type and reachability before changing
modules,knowledgemap/classes/dbknowledgemapnodes_class_inc.php,knowledgemap,yes,module connection/quoting review,connection_access,Candidate: inspect actual object type and reachability before changing
modules,knowledgemap/classes/dbknowledgemaprelationships_class_inc.php,knowledgemap,yes,module connection/quoting review,connection_access,Candidate: inspect actual object type and reachability before changing
modules,knowledgemap/classes/dbknowledgemaps_class_inc.php,knowledgemap,yes,module connection/quoting review,connection_access,Candidate: inspect actual object type and reachability before changing
modules,legal-acceptance-service/classes/legalacceptanceservice_class_inc.php,legal-acceptance-service,yes,module connection/quoting review,connection_access,Candidate: inspect actual object type and reachability before changing
modules,liveclass/classes/dbliveclassreminders_class_inc.php,liveclass,not registered or not a module,module connection/quoting review,connection_access,Candidate: inspect actual object type and reachability before changing
modules,liveclass/classes/dbliveclasssessions_class_inc.php,liveclass,not registered or not a module,module connection/quoting review,connection_access,Candidate: inspect actual object type and reachability before changing
modules,maillist/controller.php,maillist,not registered or not a module,module connection/quoting review,raw_connection_member,Candidate: inspect actual object type and reachability before changing
modules,mcqtests/classes/bankstore_class_inc.php,mcqtests,yes,module connection/quoting review,connection_access;mdb2_result_or_schema,Candidate: inspect actual object type and reachability before changing
modules,mcqtests/patches/installscripts_class_inc.php,mcqtests,yes,installation and schema,connection_access;mdb2_result_or_schema,Candidate: inspect actual object type and reachability before changing
modules,membership-service/classes/membershipauthorizationservice_class_inc.php,membership-service,yes,module connection/quoting review,connection_access,Candidate: inspect actual object type and reachability before changing
modules,membership-service/classes/membershipservice_class_inc.php,membership-service,yes,module connection/quoting review,connection_access,Candidate: inspect actual object type and reachability before changing
modules,membership-service/classes/privateadmissionservice_class_inc.php,membership-service,yes,module connection/quoting review,connection_access,Candidate: inspect actual object type and reachability before changing
modules,myadmin/classes/sitemetrics_class_inc.php,myadmin,yes,module connection/quoting review,connection_access,Candidate: inspect actual object type and reachability before changing
modules,notifications/classes/dbnotificationrecipients_class_inc.php,notifications,not registered or not a module,module connection/quoting review,connection_access,Candidate: inspect actual object type and reachability before changing
modules,pagenotes/classes/dbnoteaccess_class_inc.php,pagenotes,yes,module connection/quoting review,connection_access,Candidate: inspect actual object type and reachability before changing
modules,pagenotes/classes/dbnotelinks_class_inc.php,pagenotes,yes,module connection/quoting review,connection_access,Candidate: inspect actual object type and reachability before changing
modules,pagenotes/classes/dbnotes_class_inc.php,pagenotes,yes,module connection/quoting review,connection_access,Candidate: inspect actual object type and reachability before changing
modules,payment-service/classes/dbpaymentevents_class_inc.php,payment-service,yes,module connection/quoting review,connection_access,Candidate: inspect actual object type and reachability before changing
modules,payment-service/classes/dbpaymentintents_class_inc.php,payment-service,yes,module connection/quoting review,connection_access,Candidate: inspect actual object type and reachability before changing
modules,payment-service/classes/dbpaymentprices_class_inc.php,payment-service,yes,module connection/quoting review,connection_access,Candidate: inspect actual object type and reachability before changing
modules,payment-service/classes/dbpaymentproviderplans_class_inc.php,payment-service,yes,module connection/quoting review,connection_access,Candidate: inspect actual object type and reachability before changing
modules,payment-service/classes/dbpayments_class_inc.php,payment-service,yes,module connection/quoting review,connection_access,Candidate: inspect actual object type and reachability before changing
modules,payment-service/classes/dbpaymentsubscriptions_class_inc.php,payment-service,yes,module connection/quoting review,connection_access,Candidate: inspect actual object type and reachability before changing
modules,payment-service/patches/installscripts_class_inc.php,payment-service,yes,installation and schema,connection_access,Candidate: inspect actual object type and reachability before changing
modules,phpunit/classes/codeanalyzer_class_inc.php,phpunit,not registered or not a module,historical developer tooling,mdb2_symbol,Candidate: inspect actual object type and reachability before changing
modules,phpunit/classes/generate_class_inc.php,phpunit,not registered or not a module,historical developer tooling,connection_access,Candidate: inspect actual object type and reachability before changing
modules,questiongenerator/classes/examstore_class_inc.php,questiongenerator,yes,explicit store / transaction review,connection_access;mdb2_result_or_schema,Candidate: inspect actual object type and reachability before changing
modules,questiongenerator/classes/workshopservice_class_inc.php,questiongenerator,yes,explicit store / transaction review,connection_access,Candidate: inspect actual object type and reachability before changing
modules,questiongenerator/classes/workshopstore_class_inc.php,questiongenerator,yes,explicit store / transaction review,connection_access;mdb2_result_or_schema,Candidate: inspect actual object type and reachability before changing
modules,questiongenerator/patches/installscripts_class_inc.php,questiongenerator,yes,installation and schema,connection_access;mdb2_symbol,Candidate: inspect actual object type and reachability before changing
modules,registration-service/classes/registrationcleanup_class_inc.php,registration-service,yes,explicit store / transaction review,connection_access;driver_state;mdb2_symbol,Candidate: inspect actual object type and reachability before changing
modules,registration-service/classes/registrationidentityservice_class_inc.php,registration-service,yes,explicit store / transaction review,connection_access;raw_connection_member,Candidate: inspect actual object type and reachability before changing
modules,registration-service/classes/registrationservice_class_inc.php,registration-service,yes,explicit store / transaction review,connection_access,Candidate: inspect actual object type and reachability before changing
modules,registration-service/classes/registrationtokenservice_class_inc.php,registration-service,yes,explicit store / transaction review,connection_access,Candidate: inspect actual object type and reachability before changing
modules,shop/classes/shopstore_class_inc.php,shop,not registered or not a module,explicit store / transaction review,connection_access;driver_state;mdb2_result_or_schema;mdb2_symbol,Candidate: inspect actual object type and reachability before changing
modules,shop/patches/installscripts_class_inc.php,shop,not registered or not a module,installation and schema,connection_access;driver_state;mdb2_result_or_schema;mdb2_symbol,Candidate: inspect actual object type and reachability before changing
modules,simpleblog/classes/publishingstore_class_inc.php,simpleblog,not registered or not a module,module connection/quoting review,connection_access,Candidate: inspect actual object type and reachability before changing
modules,simpleblog/patches/installscripts_class_inc.php,simpleblog,not registered or not a module,installation and schema,connection_access,Candidate: inspect actual object type and reachability before changing
modules,sitepages/classes/dbsitepages_class_inc.php,sitepages,yes,module connection/quoting review,connection_access,Candidate: inspect actual object type and reachability before changing
modules,sitepages/controller.php,sitepages,yes,module connection/quoting review,raw_connection_member,Candidate: inspect actual object type and reachability before changing
modules,systemmanagement/classes/dbsystemnotices_class_inc.php,systemmanagement,yes,module connection/quoting review,connection_access,Candidate: inspect actual object type and reachability before changing
modules,textblock/classes/contentblockbase_class_inc.php,textblock,not registered or not a module,module connection/quoting review,raw_connection_member,Candidate: inspect actual object type and reachability before changing
modules,textblock/classes/contentblockui_class_inc.php,textblock,not registered or not a module,module connection/quoting review,raw_connection_member,Candidate: inspect actual object type and reachability before changing
modules,textblock/classes/textblockbase_class_inc.php,textblock,not registered or not a module,module connection/quoting review,raw_connection_member,Candidate: inspect actual object type and reachability before changing
modules,textblock/controller.php,textblock,not registered or not a module,module connection/quoting review,raw_connection_member,Candidate: inspect actual object type and reachability before changing
modules,webinar/classes/webinareditstore_class_inc.php,webinar,not registered or not a module,module connection/quoting review,connection_access;mdb2_symbol,Candidate: inspect actual object type and reachability before changing
modules,webinar/classes/webinarvideos_class_inc.php,webinar,not registered or not a module,module connection/quoting review,connection_access,Candidate: inspect actual object type and reachability before changing
